homepage,ip,lat,lon
http://2001.ukrcensus.gov.ua,194.44.147.62,50.45,30.5233
http://academia.gov.ua,176.103.56.62,49.4859,28.3482
http://academy.gov.ua,,,
http://academy.kvs.gov.ua,193.19.229.52,50.4333,30.5167
http://adm.od.court.gov.ua,212.90.190.139,50.45,30.5233
http://akim.gov.ua,178.20.153.53,50.45,30.5233
http://aku.gov.ua,,,
http://alex.gov.ua,,,
http://algeria.mfa.gov.ua,104.18.14.64,37.7697,-122.3933
http://an.loga.gov.ua,,,
http://ananiev-rda.odessa.gov.ua,,,
http://andriivka-miskrada.gov.ua,195.248.234.252,49.2328,28.481
http://andrrada.zt.gov.ua,,,
http://angola.mfa.gov.ua,104.18.15.64,37.7697,-122.3933
http://apladm.dn.court.gov.ua,212.90.190.139,50.45,30.5233
http://apladm.dp.court.gov.ua,212.90.190.139,50.45,30.5233
http://apladm.hr.court.gov.ua,212.90.190.139,50.45,30.5233
http://apladm.lv.court.gov.ua,212.90.190.139,50.45,30.5233
http://apladm.od.court.gov.ua,212.90.190.139,50.45,30.5233
http://arbuzinka.mk.gov.ua,217.77.210.254,50.45,30.5233
http://archive.nbuv.gov.ua,,,
http://archive.odessa.gov.ua,,,
http://archive.zt.gov.ua,,,
http://archivelviv.gov.ua,194.44.147.62,50.45,30.5233
http://archives.kh.gov.ua,,,
http://argentina.mfa.gov.ua,104.18.15.64,37.7697,-122.3933
http://ark.gp.gov.ua,194.44.225.103,50.45,30.5233
http://armenia.mfa.gov.ua,104.18.14.64,37.7697,-122.3933
http://aromatnoe-sovet.gov.ua,,,
http://artemrada.gov.ua,91.223.223.215,50.45,30.5233
http://australia.mfa.gov.ua,104.18.14.64,37.7697,-122.3933
http://austria.mfa.gov.ua,104.18.14.64,37.7697,-122.3933
http://avangard.odessa.gov.ua,193.200.212.33,50.45,30.5233
http://avv.gov.ua,109.87.35.40,49.9808,36.2527
http://avz-kremenchuk.gov.ua,,,
http://azerbaijan.mfa.gov.ua,104.18.15.64,37.7697,-122.3933
http://baranivka-rayrada.zt.gov.ua,,,
http://bashtanka.mk.gov.ua,217.77.210.254,50.45,30.5233
http://baturin-capital.gov.ua,,,
http://bc.te.court.gov.ua,212.90.190.139,50.45,30.5233
http://bcrda.gov.ua,195.248.234.198,49.2328,28.481
http://belarus.mfa.gov.ua,104.18.14.64,37.7697,-122.3933
http://belgium.mfa.gov.ua,104.18.15.64,37.7697,-122.3933
http://berd-rayrada.gov.ua,,,
http://berdichev-rayrada.zt.gov.ua,213.108.45.142,50.45,30.5233
http://bereg-rda.gov.ua,195.248.234.198,49.2328,28.481
http://bezludivka.khrada.gov.ua,,,
http://bhrr.gov.ua,89.184.78.244,50.4333,30.5167
http://bil-gromada.gov.ua,195.248.234.252,49.2328,28.481
http://bilopillya-meria.gov.ua,195.248.234.252,49.2328,28.481
http://bilopillya.krr.gov.ua,,,
http://bilyaivka.odessa.gov.ua,193.200.212.33,50.45,30.5233
http://bk.loga.gov.ua,193.29.204.71,50.45,30.5233
http://bliznjuki-selrada.gov.ua,195.248.234.252,49.2328,28.481
http://blp.sm.gov.ua,193.34.92.244,50.45,30.5233
http://bobradm.cg.gov.ua,,,
http://bogodukhivrda.gov.ua,91.203.147.201,49.9808,36.2527
http://bolgradska-gromada.gov.ua,195.248.234.198,49.2328,28.481
http://borzadm.cg.gov.ua,,,
http://br.ko.court.gov.ua,212.90.190.139,50.45,30.5233
http://bratske.mk.gov.ua,217.77.210.254,50.45,30.5233
http://brazil.mfa.gov.ua,104.18.15.64,37.7697,-122.3933
http://brn.sm.gov.ua,193.34.92.244,50.45,30.5233
http://brovary-rada.gov.ua,91.197.59.42,50.45,30.5233
http://brusyliv-rayrada.zt.gov.ua,,,
http://bryanka-rada.gov.ua,,,
http://bulgaria.mfa.gov.ua,104.18.14.64,37.7697,-122.3933
http://buryn-miskrada.gov.ua,194.28.172.236,49.2328,28.481
http://buvrzt.gov.ua,91.231.86.20,50.45,30.5233
http://bv.loga.gov.ua,193.29.204.71,50.45,30.5233
http://canada.mfa.gov.ua,104.18.14.64,37.7697,-122.3933
http://ccu.gov.ua,212.26.131.198,50.4333,30.5167
http://cdago.gov.ua,91.210.189.242,50.45,30.5233
http://cdiak.archives.gov.ua,185.128.232.229,,
http://cdnta.archives.gov.ua,185.128.232.229,,
http://centerjust.gov.ua,,,
http://cert.gov.ua,193.29.204.101,50.45,30.5233
http://cg.gov.ua,,,
http://ch-zavodska-mr.gov.ua,193.107.108.162,50.45,30.5233
http://chadm.cg.gov.ua,,,
http://chairman.rada.gov.ua,193.19.152.74,50.4333,30.5167
http://chasovrada.gov.ua,31.131.19.5,50.45,30.5233
http://chernihiv-oblrada.gov.ua,,,
http://chernjust.gov.ua,31.41.217.93,49.2328,28.481
http://chernrada.gov.ua,,,
http://chernyahivrada.gov.ua,130.0.235.185,50.45,30.5233
http://chernyakhiv-rda.gov.ua,,,
http://china.mfa.gov.ua,104.18.15.64,37.7697,-122.3933
http://chnpp.gov.ua,,,
http://chop-rada.gov.ua,195.248.234.198,49.2328,28.481
http://chornuhy.adm-pl.gov.ua,91.219.220.38,49.5937,34.5407
http://chudrda.gov.ua,,,
http://chuguev-rada.gov.ua,31.131.18.190,50.45,30.5233
http://chuguevrda.gov.ua,91.239.233.23,50.45,30.5233
http://chutovo.adm-pl.gov.ua,91.219.220.38,49.5937,34.5407
http://city-izyum.gov.ua,178.20.153.6,50.45,30.5233
http://civic.kmu.gov.ua,195.78.68.85,50.45,30.5233
http://ck.arbitr.gov.ua,212.90.190.139,50.45,30.5233
http://ck.archives.gov.ua,212.1.94.7,49.65,23.6667
http://cka.court.gov.ua,212.90.190.139,50.45,30.5233
http://cmr.gov.ua,193.200.212.147,50.45,30.5233
http://comin.kmu.gov.ua,195.78.68.80,50.45,30.5233
http://consumer.gov.ua,,,
http://croatia.mfa.gov.ua,104.18.14.64,37.7697,-122.3933
http://csam.archives.gov.ua,,,
http://cuba.mfa.gov.ua,104.18.15.64,37.7697,-122.3933
http://cyprus.mfa.gov.ua,104.18.15.64,37.7697,-122.3933
http://czechia.mfa.gov.ua,104.18.15.64,37.7697,-122.3933
http://dakiro.kr-admin.gov.ua,195.62.15.59,48.5132,32.2597
http://dako.gov.ua,193.193.193.93,50.45,30.5233
http://darg.gov.ua,,,
http://darn.kievcity.gov.ua,104.18.13.30,37.7697,-122.3933
http://data.gov.ua,195.78.69.147,50.45,30.5233
http://data.rada.gov.ua,193.19.153.66,50.45,30.5233
http://davio.gov.ua,193.243.158.8,50.45,30.5233
http://dazv.gov.ua,185.154.212.15,,
http://denmark.mfa.gov.ua,104.18.15.64,37.7697,-122.3933
http://dergachi-mr.gov.ua,178.20.153.85,50.45,30.5233
http://dergkino.gov.ua,,,
http://desn-rada.gov.ua,185.68.16.162,50.45,30.5233
http://desn.gov.ua,,,
http://dinz.gov.ua,,,
http://dklg.kmu.gov.ua,195.78.68.7,50.45,30.5233
http://dl.kr-admin.gov.ua,195.62.15.59,48.5132,32.2597
http://dlgr.gov.ua,91.200.42.15,50.45,30.5233
http://dls.gov.ua,92.244.99.205,50.4333,30.5167
http://dmsu.gov.ua,213.156.91.80,50.45,30.5233
http://dn.arbitr.gov.ua,212.90.190.139,50.45,30.5233
http://dn.gov.ua,195.24.153.42,50.45,30.5233
http://dna.arbitr.gov.ua,212.90.190.139,50.45,30.5233
http://dna.court.gov.ua,212.90.190.139,50.45,30.5233
http://dnpb.gov.ua,194.44.147.62,50.45,30.5233
http://donbassrada.gov.ua,93.190.42.98,50.45,30.5233
http://donoda.gov.ua,195.24.153.42,50.45,30.5233
http://dp.arbitr.gov.ua,212.90.190.139,50.45,30.5233
http://dpa.arbitr.gov.ua,212.90.190.139,50.45,30.5233
http://dpa.court.gov.ua,212.90.190.139,50.45,30.5233
http://drda.gov.ua,194.53.196.4,,
http://dsbt.gov.ua,185.250.20.243,,
http://dsmsu.gov.ua,,,
http://dspace.nbuv.gov.ua,194.44.37.141,50.4333,30.5167
http://dsvv.gov.ua,,,
http://dubrynichi-rada.gov.ua,185.68.16.200,50.45,30.5233
http://dunrada.gov.ua,93.190.45.55,50.45,30.5233
http://dus.gov.ua,195.64.224.94,50.45,30.5233
http://dv.kr-admin.gov.ua,195.62.15.59,48.5132,32.2597
http://dykanka.adm-pl.gov.ua,91.219.220.38,49.5937,34.5407
http://dzz.gov.ua,185.109.54.70,,
http://egypt.mfa.gov.ua,104.18.15.64,37.7697,-122.3933
http://emilchino-rayrada.zt.gov.ua,,,
http://erb.nais.gov.ua,,,
http://estonia.mfa.gov.ua,104.18.15.64,37.7697,-122.3933
http://ethiopia.mfa.gov.ua,104.18.15.64,37.7697,-122.3933
http://finland.mfa.gov.ua,104.18.15.64,37.7697,-122.3933
http://france.mfa.gov.ua,104.18.15.64,37.7697,-122.3933
http://fu.minfin.gov.ua,,,
http://gabon.mfa.gov.ua,,,
http://gadyach.adm-pl.gov.ua,91.219.220.38,49.5937,34.5407
http://garden.gov.ua,136.243.14.123,51.0,9.0
http://gayvoron.kr-admin.gov.ua,195.62.15.59,48.5132,32.2597
http://geo.gov.ua,172.67.136.243,38.0,-97.0
http://georgia.mfa.gov.ua,104.18.14.64,37.7697,-122.3933
http://germany.mfa.gov.ua,104.18.15.64,37.7697,-122.3933
http://girsivska-gromada.gov.ua,172.67.203.9,38.0,-97.0
http://glh.sm.gov.ua,193.34.92.244,50.45,30.5233
http://globyne.adm-pl.gov.ua,91.219.220.38,49.5937,34.5407
http://golos.kievcity.gov.ua,104.18.13.30,37.7697,-122.3933
http://gor-adm.gov.ua,91.203.4.40,50.45,30.5233
http://goradm.cg.gov.ua,,,
http://gorokhiv-rayrada.gov.ua,178.20.153.106,50.45,30.5233
http://gorokhivrada.gov.ua,195.248.234.252,49.2328,28.481
http://gostomel-rada.gov.ua,195.191.24.12,50.45,30.5233
http://grebinka.adm-pl.gov.ua,91.219.220.38,49.5937,34.5407
http://greece.mfa.gov.ua,104.18.15.64,37.7697,-122.3933
http://gska2.rada.gov.ua,193.19.152.74,50.4333,30.5167
http://gska2.rada.gov.ua:7777,,,
http://guinea.mfa.gov.ua,,,
http://gukivska-gromada.gov.ua,195.248.234.252,49.2328,28.481
http://gumenetska-gromada.gov.ua,195.248.234.252,49.2328,28.481
http://gur.mil.gov.ua,104.18.6.221,37.7697,-122.3933
http://health.centrmia.gov.ua,,,
http://hertza.bukoda.gov.ua,104.21.30.48,37.7697,-122.3933
http://horodok-rada.gov.ua,185.13.5.43,50.45,30.5233
http://horol.adm-pl.gov.ua,91.219.220.38,49.5937,34.5407
http://hra.arbitr.gov.ua,212.90.190.139,50.45,30.5233
http://hra.court.gov.ua,212.90.190.139,50.45,30.5233
http://hsr.gov.ua,195.248.234.252,49.2328,28.481
http://ichadm.cg.gov.ua,,,
http://if.archives.gov.ua,194.44.147.62,50.45,30.5233
http://ifa.court.gov.ua,212.90.190.139,50.45,30.5233
http://ifnan.gov.ua,217.182.197.11,51.5,-0.13
http://ihe.nas.gov.ua,185.104.45.50,,
http://iitlt.gov.ua,194.28.84.191,50.45,30.5233
http://illrda.gov.ua,,,
http://imesg.gov.ua,91.234.32.18,50.45,30.5233
http://imr.gov.ua,195.191.24.12,50.45,30.5233
http://india.mfa.gov.ua,104.18.14.64,37.7697,-122.3933
http://indonesia.mfa.gov.ua,104.18.14.64,37.7697,-122.3933
http://industry.kmu.gov.ua,195.78.68.71,50.45,30.5233
http://ing-org.gov.ua,135.181.65.254,43.7122,-79.3237
http://intercity.uz.gov.ua,195.242.179.212,50.45,30.5233
http://iran.mfa.gov.ua,104.18.14.64,37.7697,-122.3933
http://iraq.mfa.gov.ua,104.18.14.64,37.7697,-122.3933
http://irc.gov.ua,,,
http://ird.gov.ua,194.44.147.62,50.45,30.5233
http://ireland.mfa.gov.ua,104.18.14.64,37.7697,-122.3933
http://isi.gov.ua,91.200.40.64,50.45,30.5233
http://israel.mfa.gov.ua,104.18.14.64,37.7697,-122.3933
http://italy.mfa.gov.ua,104.18.15.64,37.7697,-122.3933
http://ito.gov.ua,185.67.0.162,52.3667,4.9
http://izmail-rda.odessa.gov.ua,193.200.212.33,50.45,30.5233
http://izyumrairada.gov.ua,195.123.188.98,50.45,30.5233
http://japan.mfa.gov.ua,104.18.15.64,37.7697,-122.3933
http://jna.bio.gov.ua,212.111.212.230,50.45,30.5233
http://jordan.mfa.gov.ua,104.18.15.64,37.7697,-122.3933
http://journal.sops.gov.ua,212.111.212.230,50.45,30.5233
http://just-mykolaiv.gov.ua,,,
http://just.cg.gov.ua,,,
http://just.odessa.gov.ua,193.200.255.60,50.45,30.5233
http://justice-dn.gov.ua,,,
http://justice-km.gov.ua,91.217.254.53,50.45,30.5233
http://justicekyiv.gov.ua,,,
http://justks.gov.ua,193.151.241.250,46.6558,32.6178
http://justvolyn.gov.ua,213.186.113.10,50.45,30.5233
http://justzp.gov.ua,185.13.5.22,50.45,30.5233
http://kakhovka-rada.gov.ua,89.184.75.215,50.4333,30.5167
http://kakhovka-rda.gov.ua,193.0.61.45,50.45,30.5233
http://kalynivka-rda.gov.ua,,,
http://kamyane-miskrada.gov.ua,195.248.234.252,49.2328,28.481
http://karlivka.adm-pl.gov.ua,91.219.220.38,49.5937,34.5407
http://kashperivka.krr.gov.ua,,,
http://kazakhstan.mfa.gov.ua,104.18.15.64,37.7697,-122.3933
http://kazatin-rda.gov.ua,195.248.234.109,49.2328,28.481
http://kd.loga.gov.ua,,,
http://kelmentsi.bukoda.gov.ua,104.21.30.48,37.7697,-122.3933
http://kenya.mfa.gov.ua,104.18.15.64,37.7697,-122.3933
http://khbsr.gov.ua,93.190.44.193,50.45,30.5233
http://kherson.archives.gov.ua,185.128.232.229,,
http://khoda.gov.ua,195.189.227.45,50.45,30.5233
http://khor.gov.ua,193.151.241.250,46.6558,32.6178
http://khotiv-rada.gov.ua,,,
http://khotyn.bukoda.gov.ua,172.67.150.149,38.0,-97.0
http://khrda.gov.ua,80.249.226.26,50.45,30.5233
http://khryst-rada.gov.ua,,,
http://khust-vlada.gov.ua,,,
http://ki.arbitr.gov.ua,212.90.190.139,50.45,30.5233
http://kiev-arhiv.gov.ua,,,
http://kir-rada.gov.ua,194.28.85.134,50.45,30.5233
http://kirrda.kr-admin.gov.ua,195.62.15.59,48.5132,32.2597
http://kitsman.bukoda.gov.ua,104.21.30.48,37.7697,-122.3933
http://km.kr-admin.gov.ua,195.62.15.59,48.5132,32.2597
http://kma.court.gov.ua,212.90.190.139,50.45,30.5233
http://kmr.gov.ua,172.67.214.104,38.0,-97.0
http://kmu.gov.ua,,,
http://knt.sm.gov.ua,193.34.92.244,50.45,30.5233
http://ko.arbitr.gov.ua,212.90.190.139,50.45,30.5233
http://koa.court.gov.ua,212.90.190.139,50.45,30.5233
http://kobelyaki.adm-pl.gov.ua,91.219.220.38,49.5937,34.5407
http://kobelyaky-miskrada.gov.ua,91.197.59.42,50.45,30.5233
http://kolomakrda.gov.ua,104.21.20.109,37.7697,-122.3933
http://komr.gov.ua,194.28.172.237,49.2328,28.481
http://komzakonpr.rada.gov.ua,193.19.152.74,50.4333,30.5167
http://konotop-rada.gov.ua,31.131.21.126,51.9225,4.4792
http://kor.gov.ua,212.26.132.76,50.4333,30.5167
http://koradm.cg.gov.ua,,,
http://korea.mfa.gov.ua,104.18.14.64,37.7697,-122.3933
http://korostishiv-rayrada.zt.gov.ua,,,
http://koryukivka-rada.gov.ua,62.149.15.34,50.45,30.5233
http://kovel-rayrada.gov.ua,5.187.2.204,50.1167,8.6833
http://kovelrada.gov.ua,185.104.45.67,,
http://kozadm.cg.gov.ua,,,
http://kozelchina.adm-pl.gov.ua,91.219.220.38,49.5937,34.5407
http://kozsr.gov.ua,212.26.135.69,50.4333,30.5167
http://kozynska-gromada.gov.ua,195.248.234.252,49.2328,28.481
http://kpadm.cg.gov.ua,,,
http://kr-admin.gov.ua,195.62.15.59,48.5132,32.2597
http://kr.arbitr.gov.ua,212.90.190.139,50.45,30.5233
http://kr.gov.ua,91.200.42.15,50.45,30.5233
http://kra.court.gov.ua,212.90.190.139,50.45,30.5233
http://kremen.gov.ua,195.225.144.129,50.45,30.5233
http://kremenchuk.adm-pl.gov.ua,91.219.220.38,49.5937,34.5407
http://krjust.gov.ua,,,
http://krliman.gov.ua,45.135.0.96,,
http://krlk.gov.ua,176.114.4.80,50.45,30.5233
http://krolrada.gov.ua,,,
http://krukiv-rada.gov.ua,176.111.61.25,50.45,30.5233
http://krynky-rada.gov.ua,195.248.234.252,49.2328,28.481
http://ksa.court.gov.ua,212.90.190.139,50.45,30.5233
http://ktvs.gov.ua,,,
http://kumanivka.krr.gov.ua,,,
http://kushugum-rada.gov.ua,93.190.41.130,50.45,30.5233
http://kuwait.mfa.gov.ua,104.18.15.64,37.7697,-122.3933
http://kvasyliv.rv.gov.ua,,,
http://kvl.mil.gov.ua,104.18.7.221,37.7697,-122.3933
http://kyiv.man.gov.ua,89.184.65.81,50.4333,30.5167
http://kyivobljust.gov.ua,91.197.59.25,50.45,30.5233
http://kyrgyzstan.mfa.gov.ua,104.18.15.64,37.7697,-122.3933
http://land.gov.ua,212.26.135.26,50.4333,30.5167
http://latvia.mfa.gov.ua,104.18.14.64,37.7697,-122.3933
http://ldol.sm.gov.ua,193.34.92.244,50.45,30.5233
http://ldolrada.gov.ua,,,
http://lebanon.mfa.gov.ua,104.18.14.64,37.7697,-122.3933
http://lepetykha-rda.gov.ua,,,
http://lg.archives.gov.ua,185.128.232.229,,
http://lga.court.gov.ua,212.90.190.139,50.45,30.5233
http://lib.dndz.gov.ua,82.207.87.24,50.45,30.5233
http://lib.iitta.gov.ua,62.149.25.163,50.45,30.5233
http://lib.rada.gov.ua,193.19.152.74,50.4333,30.5167
http://liky.gov.ua,194.143.146.217,50.45,30.5233
http://lis.gov.ua,172.67.183.183,38.0,-97.0
http://lithuania.mfa.gov.ua,104.18.14.64,37.7697,-122.3933
http://lityn-administratsia.gov.ua,,,
http://loda.gov.ua,194.44.10.9,50.45,30.5233
http://lohvica.adm-pl.gov.ua,91.219.220.38,49.5937,34.5407
http://lozova-rda.kh.gov.ua,,,
http://lozovarada.gov.ua,185.68.16.41,50.45,30.5233
http://lr-pl.gov.ua,185.68.16.181,50.45,30.5233
http://lubar-rayrada.zt.gov.ua,,,
http://lubny.adm-pl.gov.ua,91.219.220.38,49.5937,34.5407
http://lugini-rayrada.zt.gov.ua,,,
http://lugini.zhitomir-region.gov.ua,,,
http://lugjust.gov.ua,176.110.39.3,50.45,30.5233
http://lv.arbitr.gov.ua,212.90.190.139,50.45,30.5233
http://lva.arbitr.gov.ua,212.90.190.139,50.45,30.5233
http://lva.court.gov.ua,212.90.190.139,50.45,30.5233
http://lviv.davr.gov.ua,,,
http://macedonia.mfa.gov.ua,104.18.14.64,37.7697,-122.3933
http://maiaky-rada.gov.ua,,,
http://makrada.gov.ua,,,
http://malaysia.mfa.gov.ua,104.18.15.64,37.7697,-122.3933
http://malyn-rada.gov.ua,89.184.94.140,50.4333,30.5167
http://mashivka-rada.gov.ua,195.248.234.252,49.2328,28.481
http://mashivka.adm-pl.gov.ua,91.219.220.38,49.5937,34.5407
http://matviivska-gromada.gov.ua,185.68.16.135,50.45,30.5233
http://me.gov.ua,80.91.163.168,50.45,30.5233
http://meadm.cg.gov.ua,,,
http://medlib.dp.gov.ua,195.64.191.106,50.45,30.5233
http://medzhybizka-gromada.gov.ua,195.248.234.252,49.2328,28.481
http://menarada.gov.ua,,,
http://mexico.mfa.gov.ua,104.18.14.64,37.7697,-122.3933
http://mfa.gov.ua,104.18.14.64,37.7697,-122.3933
http://mihrda.gov.ua,,,
http://mil.loga.gov.ua,193.29.204.71,50.45,30.5233
http://minagro.gov.ua,195.182.194.141,48.463,35.039
http://mincult.kmu.gov.ua,195.78.68.75,50.45,30.5233
http://mip.gov.ua,104.21.57.29,37.7697,-122.3933
http://miskrada.sbrr.gov.ua,,,
http://mk-vodres.davr.gov.ua,194.54.82.78,50.45,30.5233
http://mk.archives.gov.ua,85.159.6.5,50.45,30.5233
http://mkms.gov.ua,104.21.16.203,37.7697,-122.3933
http://mkrada.gov.ua,217.77.209.130,50.45,30.5233
http://moldova.mfa.gov.ua,104.18.14.64,37.7697,-122.3933
http://mon.gov.ua,212.26.132.61,50.4333,30.5167
http://montenegro.mfa.gov.ua,104.18.15.64,37.7697,-122.3933
http://morocco.mfa.gov.ua,104.18.14.64,37.7697,-122.3933
http://mpe.kmu.gov.ua,195.78.68.77,50.45,30.5233
http://mpmr.gov.ua,185.67.1.27,50.45,30.5233
http://mr.gov.ua,194.28.172.235,49.2328,28.481
http://mrugeo.ukrdgri.gov.ua,185.68.16.170,50.45,30.5233
http://msp.gov.ua,62.80.174.14,50.4333,30.5167
http://mtlrg-kr.gov.ua,193.0.61.30,50.45,30.5233
http://mtot.gov.ua,5.181.248.183,,
http://mtu.gov.ua,91.198.247.183,49.2454,30.1102
http://mv.kr-admin.gov.ua,195.62.15.59,48.5132,32.2597
http://mva.gov.ua,217.25.206.42,50.45,30.5233
http://mykolayiv-oda.gov.ua,217.77.210.254,50.45,30.5233
http://mykolayiv.mk.gov.ua,217.77.210.254,50.45,30.5233
http://naas.gov.ua,77.87.194.92,50.45,30.5233
http://nadvirnamr.gov.ua,,,
http://naqa.gov.ua,94.131.242.94,55.75,37.6166
http://nato.mfa.gov.ua,104.18.14.64,37.7697,-122.3933
http://nazk.gov.ua,91.142.175.20,50.45,30.5233
http://ndippp.gov.ua,91.205.16.131,50.4333,30.5167
http://ndr.sm.gov.ua,193.34.92.244,50.45,30.5233
http://neadm.cg.gov.ua,,,
http://netherlands.mfa.gov.ua,104.18.14.64,37.7697,-122.3933
http://nfp.gov.ua,212.26.132.92,50.4333,30.5167
http://ng.kr-admin.gov.ua,195.62.15.59,48.5132,32.2597
http://ngu.gov.ua,213.156.91.96,50.45,30.5233
http://nigeria.mfa.gov.ua,104.18.15.64,37.7697,-122.3933
http://nkrr.gov.ua,,,
http://nkrzi.gov.ua,94.176.196.35,39.5667,-0.35
http://nkrzu.gov.ua,185.174.220.11,,
http://nmgubinsel.dp.gov.ua,195.64.190.1,50.45,30.5233
http://nmrda.kr-admin.gov.ua,195.62.15.59,48.5132,32.2597
http://norway.mfa.gov.ua,104.18.15.64,37.7697,-122.3933
http://nosadm.cg.gov.ua,,,
http://novagromada.gov.ua,91.205.16.69,50.4333,30.5167
http://novapragarada.gov.ua,195.248.234.252,49.2328,28.481
http://novgadm.cg.gov.ua,,,
http://novmiskrada.gov.ua,185.13.5.56,50.45,30.5233
http://novoarh.kr-admin.gov.ua,195.62.15.59,48.5132,32.2597
http://nsanjary.adm-pl.gov.ua,91.219.220.38,49.5937,34.5407
http://nu-rada.gov.ua,91.206.31.40,50.45,30.5233
http://nv-rayrada.zt.gov.ua,213.108.45.142,50.45,30.5233
http://nvp.loga.gov.ua,193.29.204.71,50.45,30.5233
http://obljustif.gov.ua,31.41.217.93,49.2328,28.481
http://oblrada.odessa.gov.ua,193.200.212.61,50.45,30.5233
http://oda.arbitr.gov.ua,212.90.190.139,50.45,30.5233
http://oda.odessa.gov.ua,193.200.212.147,50.45,30.5233
http://odz.gov.ua,185.41.251.179,48.86,2.35
http://okt-rada.gov.ua,51.89.9.195,51.5,-0.13
http://olevsk-vlada.gov.ua,,,
http://olexrda.kr-admin.gov.ua,195.62.15.59,48.5132,32.2597
http://oouvr.gov.ua,195.138.69.234,50.45,30.5233
http://opishne-museum.gov.ua,31.131.28.29,33.7257,-84.4309
http://orjyca.adm-pl.gov.ua,91.219.220.38,49.5937,34.5407
http://orrada.gov.ua,,,
http://osvitapublish.gov.ua,,,
http://ouci.dntb.gov.ua,212.111.197.45,50.45,30.5233
http://ovidiopol-selrada.odessa.gov.ua,193.200.212.33,50.45,30.5233
http://ovruch-rayrada.zt.gov.ua,,,
http://ovruch-rayvlada.gov.ua,,,
http://pakistan.mfa.gov.ua,104.18.14.64,37.7697,-122.3933
http://parlvydav.rada.gov.ua,,,
http://pci.nas.gov.ua,194.44.7.66,50.45,30.5233
http://peremoga.krr.gov.ua,,,
http://pereyaslav-rda.gov.ua,,,
http://pershrada.gov.ua,195.248.234.252,49.2328,28.481
http://pervomaysk.loga.gov.ua,,,
http://petrovo.kr-admin.gov.ua,195.62.15.59,48.5132,32.2597
http://phm.gov.ua,91.234.1.26,50.45,30.5233
http://pla.court.gov.ua,212.90.190.139,50.45,30.5233
http://pladm.cg.gov.ua,,,
http://plant.gov.ua,89.184.79.123,50.4333,30.5167
http://podil.kievcity.gov.ua,104.18.12.30,37.7697,-122.3933
http://podilr.gov.ua,,,
http://pogrda.gov.ua,,,
http://pokrov-mr.gov.ua,104.21.32.138,37.7697,-122.3933
http://poladm.gov.ua,91.200.40.39,50.45,30.5233
http://poland.mfa.gov.ua,104.18.14.64,37.7697,-122.3933
http://poltava.adm-pl.gov.ua,91.219.220.38,49.5937,34.5407
http://poltava.archives.gov.ua,91.205.16.66,50.4333,30.5167
http://pomichnamr.gov.ua,176.114.1.150,50.45,30.5233
http://poninkivska-gromada.gov.ua,195.248.234.252,49.2328,28.481
http://popilnya-rayrada.zt.gov.ua,,,
http://portugal.mfa.gov.ua,104.18.15.64,37.7697,-122.3933
http://poshyvailo-potters.gov.ua,31.131.28.29,33.7257,-84.4309
http://pps.loga.gov.ua,193.29.204.71,50.45,30.5233
http://primrada.gov.ua,176.114.4.160,50.45,30.5233
http://prv.loga.gov.ua,,,
http://pustomyty-miskarada.gov.ua,,,
http://pustomyty-rada.gov.ua,,,
http://putyla.bukoda.gov.ua,104.21.30.48,37.7697,-122.3933
http://pyryatyn.adm-pl.gov.ua,91.219.220.38,49.5937,34.5407
http://qatar.mfa.gov.ua,104.18.14.64,37.7697,-122.3933
http://rada-poltava.gov.ua,77.121.11.242,49.5937,34.5407
http://rada-vv.gov.ua,,,
http://radabershad.gov.ua,62.4.14.80,48.86,2.35
http://radrajon.zt.gov.ua,,,
http://radyvylivrada.gov.ua,195.248.234.252,49.2328,28.481
http://rayrada.gov.ua,,,
http://rdabershad.gov.ua,,,
http://reni-rda.odessa.gov.ua,,,
http://reshetylivka.adm-pl.gov.ua,91.219.220.38,49.5937,34.5407
http://reyestr.court.gov.ua,212.90.190.162,50.45,30.5233
http://rezerv.gov.ua,91.239.80.163,50.45,30.5233
http://rmn.sm.gov.ua,193.34.92.244,50.45,30.5233
http://rmr.gov.ua,91.196.89.4,49.0123,38.3797
http://romania.mfa.gov.ua,104.18.15.64,37.7697,-122.3933
http://romaniv-rayrada.zt.gov.ua,,,
http://romny-vk.gov.ua,93.190.41.133,50.45,30.5233
http://rov.loga.gov.ua,,,
http://rozdilna-rada.gov.ua,141.105.134.74,42.7,23.3333
http://rozdilna-rda.odessa.gov.ua,193.200.212.33,50.45,30.5233
http://rozdilna.odessa.gov.ua,193.200.212.33,50.45,30.5233
http://rpadm.cg.gov.ua,,,
http://rsa.mfa.gov.ua,104.18.14.64,37.7697,-122.3933
http://rubin.nerc.gov.ua:8080,,,
http://russia.mfa.gov.ua,104.18.15.64,37.7697,-122.3933
http://ruzhyn-rayrada.zt.gov.ua,,,
http://rva.arbitr.gov.ua,212.90.190.139,50.45,30.5233
http://rva.court.gov.ua,212.90.190.139,50.45,30.5233
http://saee.gov.ua,95.67.15.78,50.4333,30.5167
http://sambirrda.gov.ua,193.0.61.45,50.45,30.5233
http://sarny-rada.gov.ua,172.67.169.174,38.0,-97.0
http://saudiarabia.mfa.gov.ua,104.18.15.64,37.7697,-122.3933
http://savran-rda.odessa.gov.ua,,,
http://science.iea.gov.ua,185.13.5.58,50.45,30.5233
http://sdbuvr.gov.ua,194.28.172.77,49.2328,28.481
http://sdfm.gov.ua,92.244.104.7,46.6721,30.3464
http://semadm.cg.gov.ua,,,
http://semenivka.adm-pl.gov.ua,91.219.220.38,49.5937,34.5407
http://senegal.mfa.gov.ua,104.18.15.64,37.7697,-122.3933
http://serbia.mfa.gov.ua,104.18.14.64,37.7697,-122.3933
http://sev.gov.ua,,,
http://sfd.archives.gov.ua,185.128.232.229,,
http://sfs.gov.ua,80.91.165.217,50.45,30.5233
http://shpola-otg.gov.ua,93.190.45.6,50.45,30.5233
http://shpola-rada.gov.ua,185.68.16.192,50.45,30.5233
http://shrada.gov.ua,,,
http://shst.sm.gov.ua,193.34.92.244,50.45,30.5233
http://shyshaky.adm-pl.gov.ua,91.219.220.38,49.5937,34.5407
http://simf-rga.gov.ua,,,
http://singapore.mfa.gov.ua,104.18.14.64,37.7697,-122.3933
http://sinrada.gov.ua,178.215.171.190,48.463,35.039
http://skhidnytsia-rada.gov.ua,194.28.84.44,50.45,30.5233
http://slov.loga.gov.ua,,,
http://slovakia.mfa.gov.ua,104.18.15.64,37.7697,-122.3933
http://slovenia.mfa.gov.ua,104.18.14.64,37.7697,-122.3933
http://sm.gov.ua,193.34.92.244,50.45,30.5233
http://smolygiv-rada.gov.ua,195.248.234.252,49.2328,28.481
http://sobornarada.gov.ua,,,
http://sokyriany.bukoda.gov.ua,104.21.30.48,37.7697,-122.3933
http://solor.gov.ua,104.18.18.173,37.7697,-122.3933
http://sorada.gov.ua,193.34.92.244,50.45,30.5233
http://sosadm.cg.gov.ua,,,
http://spain.mfa.gov.ua,104.18.14.64,37.7697,-122.3933
http://sribadm.cg.gov.ua,,,
http://srvk.gov.ua,91.200.42.15,50.45,30.5233
http://ssmsc.gov.ua,94.125.125.202,50.45,30.5233
http://staromaiakivska-gromada.gov.ua,195.248.234.252,49.2328,28.481
http://stb.loga.gov.ua,193.29.204.71,50.45,30.5233
http://stn.loga.gov.ua,193.29.204.71,50.45,30.5233
http://sts.gov.ua,,,
http://stsaltiv.gov.ua,185.41.248.61,48.86,2.35
http://stsrda.gov.ua,193.0.61.41,50.45,30.5233
http://su.arbitr.gov.ua,212.90.190.139,50.45,30.5233
http://sua.court.gov.ua,212.90.190.139,50.45,30.5233
http://sumyrayrada.gov.ua,194.146.180.167,50.45,30.5233
http://supreme.court.gov.ua,212.90.190.139,50.45,30.5233
http://sv.kr-admin.gov.ua,195.62.15.59,48.5132,32.2597
http://svt.loga.gov.ua,193.29.204.71,50.45,30.5233
http://sweden.mfa.gov.ua,104.18.15.64,37.7697,-122.3933
http://switzerland.mfa.gov.ua,104.18.14.64,37.7697,-122.3933
http://swrailway.gov.ua,194.37.248.20,50.45,30.5233
http://syria.mfa.gov.ua,104.18.14.64,37.7697,-122.3933
http://tajikistan.mfa.gov.ua,104.18.14.64,37.7697,-122.3933
http://taladm.cg.gov.ua,,,
http://tav.gov.ua,195.248.234.252,49.2328,28.481
http://tea.court.gov.ua,212.90.190.139,50.45,30.5233
http://tem.te.court.gov.ua,212.90.190.139,50.45,30.5233
http://terjust.gov.ua,,,
http://tetiivmiskrada.gov.ua,195.248.234.108,49.2328,28.481
http://thailand.mfa.gov.ua,104.18.14.64,37.7697,-122.3933
http://tomakivska-otg.tomak-rn.dp.gov.ua,195.64.190.1,50.45,30.5233
http://toretsk-rada.gov.ua,91.206.200.104,50.45,30.5233
http://tourism.gov.ua,75.2.70.75,38.0,-97.0
http://trnvk.gov.ua,91.200.42.15,50.45,30.5233
http://trostyanecka-rayrada.gov.ua,195.248.234.252,49.2328,28.481
http://trostyanets-vlada.gov.ua,,,
http://trypillyarada.gov.ua,91.214.17.155,50.45,30.5233
http://tsdavo.gov.ua,34.110.252.27,29.6997,-95.5858
http://tsdea.archives.gov.ua,185.128.232.229,,
http://tsdial.archives.gov.ua,185.128.232.229,,
http://tsdkffa.archives.gov.ua,185.46.150.44,50.45,30.5233
http://turka-rda.gov.ua,185.68.16.184,50.45,30.5233
http://turkey.mfa.gov.ua,104.18.14.64,37.7697,-122.3933
http://turkmenistan.mfa.gov.ua,104.18.14.64,37.7697,-122.3933
http://tv.rada.gov.ua,193.19.152.72,50.4333,30.5167
http://uac.gov.ua,212.111.192.246,50.45,30.5233
http://uae.mfa.gov.ua,104.18.15.64,37.7697,-122.3933
http://uaj.uac.gov.ua,212.111.192.246,50.45,30.5233
http://uecr.gov.ua,212.26.128.171,50.4333,30.5167
http://uk.mfa.gov.ua,104.18.14.64,37.7697,-122.3933
http://ukraine-eu.mfa.gov.ua,104.18.15.64,37.7697,-122.3933
http://ukravtodor.gov.ua,213.156.91.10,50.45,30.5233
http://ukrdgri.gov.ua,212.26.134.37,50.4333,30.5167
http://ulrda.kr-admin.gov.ua,195.62.15.59,48.5132,32.2597
http://undiasd.archives.gov.ua,185.128.232.229,,
http://uprav.ck.minjust.gov.ua,,,
http://usa.mfa.gov.ua,104.18.14.64,37.7697,-122.3933
http://ustin.kr-admin.gov.ua,195.62.15.59,48.5132,32.2597
http://uz.gov.ua,195.149.70.25,50.4333,30.5167
http://uzbekistan.mfa.gov.ua,104.18.15.64,37.7697,-122.3933
http://varadm.cg.gov.ua,,,
http://varash.rv.gov.ua,195.78.68.7,50.45,30.5233
http://vasrda.gov.ua,195.248.234.198,49.2328,28.481
http://vatican.mfa.gov.ua,104.18.15.64,37.7697,-122.3933
http://vbagachka.adm-pl.gov.ua,91.219.220.38,49.5937,34.5407
http://vgsu.arbitr.gov.ua,194.88.206.104,50.45,30.5233
http://vietnam.mfa.gov.ua,104.18.15.64,37.7697,-122.3933
http://vilnogirsk-rada.gov.ua,195.248.234.108,49.2328,28.481
http://vin-km.gov.ua,78.152.160.14,50.45,30.5233
http://vinjust.gov.ua,,,
http://visnyk-nanu.org.ua,194.44.147.62,50.45,30.5233
http://vivsyaniki.krr.gov.ua,,,
http://vla.court.gov.ua,212.90.190.139,50.45,30.5233
http://vmr.gov.ua,93.183.204.25,50.45,30.5233
http://vms-rada.gov.ua,195.248.234.198,49.2328,28.481
http://vna.court.gov.ua,212.90.190.139,50.45,30.5233
http://vnm.vn.court.gov.ua,212.90.190.139,50.45,30.5233
http://vodolaga-gromada.gov.ua,185.41.248.61,48.86,2.35
http://volodymyr-rada.gov.ua,195.248.234.198,49.2328,28.481
http://volodymyrrada.gov.ua,185.13.5.43,50.45,30.5233
http://volrda.gov.ua,195.248.234.252,49.2328,28.481
http://volvol-rayrada.zt.gov.ua,,,
http://vorzel-rada.gov.ua,141.94.109.21,50.7967,-1.0833
http://vrda.gov.ua,,,
http://vtz.asv.gov.ua,212.111.212.230,50.45,30.5233
http://vv.gov.ua,,,
http://vykonkom-tsmkr.gov.ua,135.181.68.240,43.7122,-79.3237
http://vyshgorod-rada.gov.ua,91.218.212.19,50.45,30.5233
http://w1.c1.rada.gov.ua,193.19.152.74,50.4333,30.5167
http://www.4uth.gov.ua,82.144.203.88,50.45,30.5233
http://www.ac-rada.gov.ua,195.5.40.107,50.45,30.5233
http://www.academy.gov.ua,,,
http://www.academy.ssu.gov.ua,212.26.139.67,50.4333,30.5167
http://www.adm-pl.gov.ua,91.219.220.38,49.5937,34.5407
http://www.adm.dp.gov.ua,195.64.190.58,50.45,30.5233
http://www.amc.gov.ua,195.78.68.21,50.45,30.5233
http://www.amnu.gov.ua,77.87.195.192,50.45,30.5233
http://www.andrrada.zt.gov.ua,,,
http://www.apost-rn.dp.gov.ua,195.64.190.1,50.45,30.5233
http://www.archives.gov.ua,185.128.232.229,,
http://www.archivzp.gov.ua,141.94.102.189,50.7967,-1.0833
http://www.armyansk-rada.gov.ua,,,
http://www.asv.gov.ua,80.91.188.234,50.45,30.5233
http://www.atom.gov.ua,104.18.19.32,37.7697,-122.3933
http://www.atp.mil.gov.ua,,,
http://www.avia.gov.ua,91.198.247.183,49.2454,30.1102
http://www.baturin-capital.gov.ua,,,
http://www.berda.gov.ua,,,
http://www.berdichev-rda.gov.ua,89.184.79.206,50.4333,30.5167
http://www.blzrda.gov.ua,,,
http://www.borispol-rada.gov.ua,185.104.45.199,,
http://www.borovarda.gov.ua,,,
http://www.brody-rda.gov.ua,194.44.147.62,50.45,30.5233
http://www.brusyliv-rda.gov.ua,193.200.173.7,50.45,30.5233
http://www.bukoda.gov.ua,195.78.68.7,50.45,30.5233
http://www.carpathia.gov.ua,212.1.100.10,49.65,23.6667
http://www.center.gov.ua,194.116.233.62,50.45,30.5233
http://www.chernigiv-rada.gov.ua,104.21.50.126,37.7697,-122.3933
http://www.chervonograd-city.gov.ua,194.44.147.62,50.45,30.5233
http://www.chudnivrada.gov.ua,,,
http://www.court.gov.ua,212.90.190.139,50.45,30.5233
http://www.crimea-portal.gov.ua,,,
http://www.customs.gov.ua,195.60.169.250,50.45,30.5233
http://www.dabi.gov.ua,46.164.149.100,50.45,30.5233
http://www.dbr.gov.ua,193.109.8.154,50.45,30.5233
http://www.dcz.gov.ua,93.183.196.38,50.45,30.5233
http://www.dimitrov-rada.gov.ua,185.68.16.165,50.45,30.5233
http://www.dinz.gov.ua,,,
http://www.dki.gov.ua,,,
http://www.dkrp.gov.ua,217.20.167.17,50.45,30.5233
http://www.dkrs.gov.ua,185.154.212.10,,
http://www.dndz.gov.ua,82.207.87.24,50.45,30.5233
http://www.do.gov.ua,212.26.155.138,50.4333,30.5167
http://www.donoda.gov.ua,195.24.153.42,50.45,30.5233
http://www.dp.uz.gov.ua,185.68.16.30,50.45,30.5233
http://www.drohobych-rada.gov.ua,104.21.6.69,37.7697,-122.3933
http://www.drsu.gov.ua,,,
http://www.dsecu.gov.ua,213.156.89.34,50.45,30.5233
http://www.dsiu.gov.ua,,,
http://www.dsp.gov.ua,62.244.20.146,50.45,30.5233
http://www.dsszzi.gov.ua,193.29.204.164,50.45,30.5233
http://www.dubrrada.gov.ua,194.44.69.51,50.45,30.5233
http://www.dvs.gov.ua,193.111.173.246,50.45,30.5233
http://www.e-slavutich.gov.ua,,,
http://www.e.gov.ua,,,
http://www.ecu.gov.ua,91.200.40.52,50.45,30.5233
http://www.en.gov.ua,104.21.8.11,37.7697,-122.3933
http://www.er.gov.ua,194.187.29.3,50.45,30.5233
http://www.evpatoriya-rada.gov.ua,,,
http://www.fastiv-rada.gov.ua,194.176.97.192,50.45,30.5233
http://www.fg.gov.ua,91.217.183.133,50.45,30.5233
http://www.fisu.gov.ua,104.18.29.121,37.7697,-122.3933
http://www.galych-rada.gov.ua,,,
http://www.gaysin-rda.gov.ua,31.128.72.171,50.45,30.5233
http://www.gorodok-vlada.gov.ua,178.20.153.44,50.45,30.5233
http://www.gp.gov.ua,194.44.225.98,50.45,30.5233
http://www.grr.gov.ua,193.109.144.20,50.45,30.5233
http://www.guboz.gov.ua,,,
http://www.health.gov.ua,212.26.136.211,50.4333,30.5167
http://www.hniise.gov.ua,194.28.86.45,50.45,30.5233
http://www.hp-rada.gov.ua,176.102.192.26,50.45,30.5233
http://www.hups.mil.gov.ua,,,
http://www.icc-kiev.gov.ua,185.203.72.17,,
http://www.iducz.gov.ua,178.20.153.30,50.45,30.5233
http://www.if.gov.ua,195.78.68.7,50.45,30.5233
http://www.igns.gov.ua,194.44.29.62,50.45,30.5233
http://www.ilnan.gov.ua,31.41.217.75,49.2328,28.481
http://www.imr.gov.ua,195.191.24.12,50.45,30.5233
http://www.ipiend.gov.ua,91.210.189.242,50.45,30.5233
http://www.isc.gov.ua,194.44.147.62,50.45,30.5233
http://www.journal.imesg.gov.ua,91.234.32.18,50.45,30.5233
http://www.just.gov.ua,193.0.61.23,50.45,30.5233
http://www.kerchrada.gov.ua,,,
http://www.kharkivoda.gov.ua,162.55.244.53,40.379,-74.5465
http://www.khm.gov.ua,104.21.73.81,37.7697,-122.3933
http://www.kivrada.gov.ua,195.248.234.252,49.2328,28.481
http://www.kmr.gov.ua,172.67.214.104,38.0,-97.0
http://www.kmu.gov.ua,66.22.126.3,38.9841,-77.3827
http://www.komsomolsk-rada.gov.ua,176.102.192.25,50.45,30.5233
http://www.kor.gov.ua,212.26.132.76,50.4333,30.5167
http://www.kotovsk-city.gov.ua,91.200.40.30,50.45,30.5233
http://www.kprayrada.gov.ua,93.190.42.225,50.45,30.5233
http://www.kr-admin.gov.ua,195.62.15.59,48.5132,32.2597
http://www.krasn-rada.gov.ua,77.87.195.138,50.45,30.5233
http://www.krasne-rada.gov.ua,195.248.234.252,49.2328,28.481
http://www.kremen.gov.ua,195.225.144.129,50.45,30.5233
http://www.krinich-rn.dp.gov.ua,195.64.190.1,50.45,30.5233
http://www.kriv-rn.dp.gov.ua,195.64.190.1,50.45,30.5233
http://www.krolrda.gov.ua,91.196.0.19,50.45,30.5233
http://www.krp-rada.gov.ua,,,
http://www.ksrr.gov.ua,185.68.16.65,50.45,30.5233
http://www.kurort.gov.ua,89.184.89.250,50.4333,30.5167
http://www.kyiv-obl.gov.ua,185.68.16.47,50.45,30.5233
http://www.ladrada.gov.ua,91.234.32.10,50.45,30.5233
http://www.loda.gov.ua,194.44.10.9,50.45,30.5233
http://www.loga.gov.ua,193.29.204.71,50.45,30.5233
http://www.magd-rn.dp.gov.ua,195.64.190.1,50.45,30.5233
http://www.manrayrada.gov.ua,193.104.85.7,50.391,24.2351
http://www.me.gov.ua,80.91.163.168,50.45,30.5233
http://www.megev-rn.dp.gov.ua,195.64.190.1,50.45,30.5233
http://www.menr.gov.ua,194.183.172.245,50.45,30.5233
http://www.mfa.gov.ua,104.18.15.64,37.7697,-122.3933
http://www.minfin.gov.ua,195.60.168.80,50.45,30.5233
http://www.minjust.gov.ua,193.111.173.243,50.45,30.5233
http://www.minregionbud.gov.ua,,,
http://www.mintrans.gov.ua,,,
http://www.mk.gov.ua,217.77.210.254,50.45,30.5233
http://www.mlsp.gov.ua,195.78.68.74,50.45,30.5233
http://www.mlt.gov.ua,193.0.61.232,50.45,30.5233
http://www.molod-kredit.gov.ua,45.94.158.241,,
http://www.mon.gov.ua,212.26.132.61,50.4333,30.5167
http://www.morshyn-rada.gov.ua,77.87.195.56,50.45,30.5233
http://www.mrda.gov.ua,,,
http://www.mukachevo-rada.gov.ua,94.131.247.61,55.75,37.6166
http://www.mukrayon.gov.ua,91.194.250.133,50.45,30.5233
http://www.mvp.gov.ua,,,
http://www.mykolaivka-rada.gov.ua,,,
http://www.naas.gov.ua,77.87.194.92,50.45,30.5233
http://www.nabu.gov.ua,193.29.204.70,50.45,30.5233
http://www.nadrda.gov.ua,194.54.90.101,50.45,30.5233
http://www.narko.gov.ua,194.183.173.51,50.45,30.5233
http://www.nas.gov.ua,194.44.29.226,50.45,30.5233
http://www.nbaai.gov.ua,91.198.247.183,49.2454,30.1102
http://www.nfuel.gov.ua,91.200.40.52,50.45,30.5233
http://www.ng.gov.ua,,,
http://www.nikopol-mrada.dp.gov.ua,93.190.42.226,50.45,30.5233
http://www.nikopol-rn.dp.gov.ua,195.64.190.1,50.45,30.5233
http://www.nio.mil.gov.ua,,,
http://www.nkau.gov.ua,213.156.91.15,50.45,30.5233
http://www.novomosk-rn.dp.gov.ua,195.64.190.1,50.45,30.5233
http://www.npu.gov.ua,104.22.32.106,37.7697,-122.3933
http://www.nrcu.gov.ua,91.194.250.159,50.45,30.5233
http://www.nsj.gov.ua,193.111.1.19,50.45,30.5233
http://www.nspp.gov.ua,178.20.154.152,50.45,30.5233
http://www.obljust.gov.ua,185.65.246.10,50.45,30.5233
http://www.oda.te.gov.ua,195.78.68.7,50.45,30.5233
http://www.oda.zht.gov.ua,37.53.89.92,50.45,30.5233
http://www.odessa.gov.ua,,,
http://www.ombudsman.gov.ua,82.207.52.214,50.4333,30.5167
http://www.petropavl-rn.dp.gov.ua,195.64.190.1,50.45,30.5233
http://www.pk-ukraina.gov.ua,193.110.163.210,50.45,30.5233
http://www.pokrov-rn.dp.gov.ua,195.64.190.1,50.45,30.5233
http://www.pokrovkr.gov.ua,193.0.61.30,50.45,30.5233
http://www.popilnya-rda.gov.ua,194.0.200.13,50.45,30.5233
http://www.pustomyty-miskarada.gov.ua,,,
http://www.pustomyty-rada.gov.ua,,,
http://www.pyatih-rn.dp.gov.ua,195.64.190.1,50.45,30.5233
http://www.pzcu.gov.ua,185.68.16.199,50.45,30.5233
http://www.rada-poltava.gov.ua,77.121.11.242,49.5937,34.5407
http://www.razdolnoe-rga.gov.ua,,,
http://www.rnbo.gov.ua,91.229.226.4,50.45,30.5233
http://www.rv.gov.ua,195.78.68.7,50.45,30.5233
http://www.saee.gov.ua,95.67.15.78,50.4333,30.5167
http://www.sambirrda.gov.ua,193.0.61.45,50.45,30.5233
http://www.sarny-rda.gov.ua,195.248.234.198,49.2328,28.481
http://www.sbu.gov.ua,193.29.204.52,50.45,30.5233
http://www.schastye-rada.gov.ua,91.200.42.16,50.45,30.5233
http://www.school.gov.ua,,,
http://www.scwm.gov.ua,185.68.16.119,50.45,30.5233
http://www.sdfm.gov.ua,92.244.104.7,46.6721,30.3464
http://www.sea.gov.ua,195.138.65.162,46.4639,30.7386
http://www.sed-rada.gov.ua,,,
http://www.shirok-rn.dp.gov.ua,195.64.190.1,50.45,30.5233
http://www.simferopol-sovet.gov.ua,,,
http://www.sinel.dp.gov.ua,195.64.190.1,50.45,30.5233
http://www.skole-rada.gov.ua,195.248.234.198,49.2328,28.481
http://www.slavrada.gov.ua,193.106.203.11,48.7231,37.5563
http://www.snrc.gov.ua,195.78.68.21,50.45,30.5233
http://www.sofiiv-rn.dp.gov.ua,195.64.190.1,50.45,30.5233
http://www.sokal-rda.gov.ua,93.190.46.82,50.45,30.5233
http://www.solon-rn.dp.gov.ua,195.64.190.1,50.45,30.5233
http://www.spfu.gov.ua,94.45.145.12,50.45,30.5233
http://www.stebnyk-rada.gov.ua,31.28.166.219,50.45,30.5233
http://www.stryi-rada.gov.ua,194.44.147.62,50.45,30.5233
http://www.stvadm.gov.ua,80.91.180.106,50.4333,30.5167
http://www.sudak.ark.gov.ua,,,
http://www.svalyava-vlada.gov.ua,194.42.194.218,50.45,30.5233
http://www.svk.gov.ua,,,
http://www.svyatoshin.kyiv-city.gov.ua,,,
http://www.swrailway.gov.ua,194.37.248.20,50.45,30.5233
http://www.teplykrda.gov.ua,,,
http://www.tmr.gov.ua,172.67.192.91,38.0,-97.0
http://www.tomak.dp.gov.ua,195.64.190.1,50.45,30.5233
http://www.trb.te.gov.ua,,,
http://www.treasury.gov.ua,213.156.91.39,50.45,30.5233
http://www.tsarich-rn.dp.gov.ua,195.64.190.1,50.45,30.5233
http://www.tyachiv-rda.gov.ua,185.68.16.47,50.45,30.5233
http://www.uac.gov.ua,212.111.192.246,50.45,30.5233
http://www.ucrf.gov.ua,93.183.194.178,50.45,30.5233
http://www.uecr.gov.ua,212.26.128.171,50.4333,30.5167
http://www.uge.gov.ua,80.91.164.75,50.45,30.5233
http://www.ukurier.gov.ua,77.120.113.139,50.45,30.5233
http://www.uss.gov.ua,,,
http://www.vasilk-rn.dp.gov.ua,195.64.190.1,50.45,30.5233
http://www.vasu.gov.ua,212.90.190.136,50.45,30.5233
http://www.vberez.gov.ua,,,
http://www.velberez.gov.ua,,,
http://www.vet.gov.ua,178.251.111.170,50.45,30.5233
http://www.vin.gov.ua,104.18.22.231,37.7697,-122.3933
http://www.vinrada.gov.ua,31.41.216.81,49.2328,28.481
http://www.visnyknapu.gp.gov.ua,217.20.163.130,50.45,30.5233
http://www.vmr.gov.ua,93.183.204.25,50.45,30.5233
http://www.vmu.ssu.gov.ua,212.26.139.67,50.4333,30.5167
http://www.volynrada.gov.ua,82.207.22.129,50.45,30.5233
http://www.vru.gov.ua,185.151.104.103,,
http://www.vugledar-rada.gov.ua,93.190.42.225,50.45,30.5233
http://www.yalta-gs.gov.ua,,,
http://www.yuryev-rn.dp.gov.ua,195.64.190.1,50.45,30.5233
http://www.zbarazh-rada.gov.ua,178.20.153.60,50.45,30.5233
http://www.zhytomyr-rda.gov.ua,,,
http://www.zoda.gov.ua,46.164.150.220,50.45,30.5233
http://www.zpd.gov.ua,,,
http://www.zt.gov.ua,213.108.45.142,50.45,30.5233
http://www.zven.gov.ua,195.248.234.252,49.2328,28.481
http://www1.nas.gov.ua,194.44.29.226,50.45,30.5233
http://www2.nerc.gov.ua,,,
http://www3.nerc.gov.ua,,,
http://yamp.gov.ua,,,
http://yasinya-gromada.gov.ua,31.131.28.79,33.7257,-84.4309
http://yavoriv-rada.gov.ua,195.248.234.252,49.2328,28.481
http://yuzhny.gov.ua,91.192.128.35,46.4639,30.7386
http://zaas.gov.ua,,,
http://zacheprda.gov.ua,,,
http://zakarpat-rada.gov.ua,212.1.100.6,49.65,23.6667
http://zakon.rada.gov.ua,193.19.153.66,50.45,30.5233
http://zakon1.rada.gov.ua,193.19.153.66,50.45,30.5233
http://zakon3.rada.gov.ua,193.19.153.66,50.45,30.5233
http://zakon4.rada.gov.ua,193.19.153.66,50.45,30.5233
http://zarichne.rvadmin.gov.ua,194.187.216.25,50.45,30.5233
http://zastavna.bukoda.gov.ua,,,
http://zbirnyk-nadu.academy.gov.ua,,,
http://zborivrayrada.gov.ua,,,
http://zdolbun.gov.ua,,,
http://zgurivka-rda.gov.ua,,,
http://zhashkivrada.gov.ua,,,
http://zhmerynka-rda.gov.ua,45.94.157.219,,
http://zinkiv.adm-pl.gov.ua,91.219.220.38,49.5937,34.5407
http://zka.court.gov.ua,212.90.190.139,50.45,30.5233
http://zmiivrda.gov.ua,91.222.251.121,50.45,30.5233
http://zn.kr-admin.gov.ua,195.62.15.59,48.5132,32.2597
http://znp.igns.gov.ua,194.44.29.62,50.45,30.5233
http://zotg.gov.ua,93.190.44.193,50.45,30.5233
http://zp.arbitr.gov.ua,212.90.190.139,50.45,30.5233
http://zt-rada.gov.ua,104.21.92.252,37.7697,-122.3933
http://zt.gov.ua,213.108.45.142,50.45,30.5233
http://zta.court.gov.ua,212.90.190.139,50.45,30.5233
http://ztrada.gov.ua,213.108.45.142,50.45,30.5233
https://1aa.court.gov.ua,212.90.190.139,50.45,30.5233
https://2aa.court.gov.ua,212.90.190.139,50.45,30.5233
https://3aa.court.gov.ua,212.90.190.139,50.45,30.5233
https://5aa.court.gov.ua,212.90.190.139,50.45,30.5233
https://6aas.gov.ua,185.13.5.58,50.45,30.5233
https://8aa.court.gov.ua,212.90.190.139,50.45,30.5233
https://adm.cv.court.gov.ua,212.90.190.139,50.45,30.5233
https://adm.if.court.gov.ua,212.90.190.139,50.45,30.5233
https://adm.ki.court.gov.ua,212.90.190.139,50.45,30.5233
https://adm.ko.court.gov.ua,212.90.190.139,50.45,30.5233
https://adm.rv.court.gov.ua,212.90.190.139,50.45,30.5233
https://adm.te.court.gov.ua,212.90.190.139,50.45,30.5233
https://adm.vl.court.gov.ua,212.90.190.139,50.45,30.5233
https://adm.vn.court.gov.ua,212.90.190.139,50.45,30.5233
https://adm.zk.court.gov.ua,212.90.190.139,50.45,30.5233
https://adm.zp.court.gov.ua,212.90.190.139,50.45,30.5233
https://agro.me.gov.ua,,,
https://andrushkivska-gromada.gov.ua,195.248.234.252,49.2328,28.481
https://apladm.ki.court.gov.ua,212.90.190.139,50.45,30.5233
https://arma.gov.ua,46.182.81.125,50.4333,30.5167
https://arts.gov.ua,104.21.31.230,37.7697,-122.3933
https://b-dnistrov-rda.odessa.gov.ua,193.200.212.33,50.45,30.5233
https://bahmut-rayrada.gov.ua,195.248.234.198,49.2328,28.481
https://bank.gov.ua,45.60.74.68,39.1588,-75.4941
https://barashivska-gromada.gov.ua,195.248.234.252,49.2328,28.481
https://batyovo-rada.gov.ua,195.248.234.252,49.2328,28.481
https://berezivka-rda.odessa.gov.ua,193.200.212.33,50.45,30.5233
https://berislav-mr.gov.ua,62.149.1.210,50.45,30.5233
https://bigbud.kmu.gov.ua,195.78.69.63,50.45,30.5233
https://biloberizkaotg.gov.ua,185.41.248.61,48.86,2.35
https://bilokorovycka-gromada.gov.ua,195.248.234.252,49.2328,28.481
https://bilshivcivska-gromada.gov.ua,195.248.234.252,49.2328,28.481
https://bilycka-gromada.gov.ua,195.248.234.252,49.2328,28.481
https://biskovycka-gromada.gov.ua,195.248.234.252,49.2328,28.481
https://bmr.gov.ua,54.166.250.93,39.0437,-77.4875
https://bogdanska-gromada.gov.ua,195.248.234.252,49.2328,28.481
https://bogo-rada.gov.ua,195.201.245.94,55.75,37.6166
https://bolekhiv-rada.gov.ua,91.240.21.3,50.45,30.5233
https://bolgrad-rda.odessa.gov.ua,193.200.212.33,50.45,30.5233
https://borispol-rada.gov.ua,185.104.45.199,,
https://borynyatg.gov.ua,185.154.212.8,,
https://boryslavrada.gov.ua,31.131.28.66,33.7257,-84.4309
https://brada.gov.ua,93.171.79.249,50.45,30.5233
https://brusylivska-gromada.gov.ua,195.248.234.252,49.2328,28.481
https://bsr1653.gov.ua,195.248.234.252,49.2328,28.481
https://bukoda.gov.ua,195.78.68.7,50.45,30.5233
https://burshtyn-rada.if.gov.ua,194.44.147.62,50.45,30.5233
https://busk-miskrada.gov.ua,195.248.234.252,49.2328,28.481
https://bychkivrada.gov.ua,195.248.234.252,49.2328,28.481
https://carpathia.gov.ua,195.78.68.7,50.45,30.5233
https://cha.court.gov.ua,212.90.190.139,50.45,30.5233
https://cherkassyrda.gov.ua,178.20.153.106,50.45,30.5233
https://chervonenska-gromada.gov.ua,195.248.234.252,49.2328,28.481
https://chile.mfa.gov.ua,104.18.15.64,37.7697,-122.3933
https://chkalovskaotg.gov.ua,195.248.234.252,49.2328,28.481
https://chogodarivska-gromada.gov.ua,195.248.234.252,49.2328,28.481
https://chopovycka-gromada.gov.ua,195.248.234.252,49.2328,28.481
https://chor.gov.ua,89.184.78.244,50.4333,30.5167
https://chr.gov.ua,195.248.234.252,49.2328,28.481
https://chudniv-miskrada.gov.ua,195.248.234.252,49.2328,28.481
https://chynadiivska-gromada.gov.ua,195.248.234.252,49.2328,28.481
https://chyzhivska-gromada.gov.ua,195.248.234.252,49.2328,28.481
https://cn.archives.gov.ua,185.128.232.229,,
https://cna.court.gov.ua,212.90.190.139,50.45,30.5233
https://court.gov.ua,212.90.190.139,50.45,30.5233
https://cv.archives.gov.ua,185.128.232.229,,
https://cva.court.gov.ua,212.90.190.139,50.45,30.5233
https://cyberpolice.gov.ua,195.114.139.138,50.45,30.5233
https://czo.gov.ua,185.13.250.35,50.45,30.5233
https://data.kyivcity.gov.ua,104.18.20.41,37.7697,-122.3933
https://davydivska-gromada.gov.ua,195.248.234.252,49.2328,28.481
https://dazo.gov.ua,212.1.100.6,49.65,23.6667
https://delyatynska-gromada.gov.ua,195.248.234.252,49.2328,28.481
https://diam.gov.ua,195.78.68.7,50.45,30.5233
https://diia.gov.ua,195.189.240.74,50.45,30.5233
https://dmg.gov.ua,195.248.234.252,49.2328,28.481
https://dn.archives.gov.ua,185.128.232.229,,
https://dndekc.mvs.gov.ua,195.114.137.43,50.45,30.5233
https://dnipr.kyivcity.gov.ua,104.18.21.41,37.7697,-122.3933
https://dobromylska-gromada.gov.ua,195.248.234.252,49.2328,28.481
https://dobrotvirska-gromada.gov.ua,195.248.234.252,49.2328,28.481
https://dovzhanska-gromada.gov.ua,195.248.234.252,49.2328,28.481
https://dp.archives.gov.ua,138.201.56.185,51.0,9.0
https://dracs.minjust.gov.ua,193.111.173.246,50.45,30.5233
https://drohobych-rada.gov.ua,104.21.6.69,37.7697,-122.3933
https://dsa.court.gov.ua,212.90.190.139,50.45,30.5233
https://duba-gromada.gov.ua,195.248.234.252,49.2328,28.481
https://dubovecka-gromada.gov.ua,195.248.234.252,49.2328,28.481
https://dubrivska-gromada.gov.ua,195.248.234.252,49.2328,28.481
https://dykanka-gromada.gov.ua,195.248.234.252,49.2328,28.481
https://dykanka-osvita.gov.ua,195.248.234.252,49.2328,28.481
https://dzvynyacka-gromada.gov.ua,195.248.234.252,49.2328,28.481
https://en.naqa.gov.ua,94.131.242.94,55.75,37.6166
https://esbu.gov.ua,195.78.68.7,50.45,30.5233
https://evisa.mfa.gov.ua,212.26.138.178,50.4333,30.5167
https://ezupilska-gromada.gov.ua,195.248.234.252,49.2328,28.481
https://galycka-gromada.gov.ua,195.248.234.252,49.2328,28.481
https://gdansk.mfa.gov.ua,104.18.14.64,37.7697,-122.3933
https://girska-gromada.gov.ua,195.248.234.198,49.2328,28.481
https://glybochytsia-rada.gov.ua,195.248.234.252,49.2328,28.481
https://gorinchivska-gromada.gov.ua,195.248.234.252,49.2328,28.481
https://gorodnycka-gromada.gov.ua,195.248.234.252,49.2328,28.481
https://gorondivska-gromada.gov.ua,195.248.234.252,49.2328,28.481
https://gryshkovecka-gromada.gov.ua,195.248.234.252,49.2328,28.481
https://gvizdecka-gromada.gov.ua,195.248.234.252,49.2328,28.481
https://hlyniany-rada.gov.ua,195.248.234.252,49.2328,28.481
https://hodorivska-gromada.gov.ua,195.248.234.252,49.2328,28.481
https://holmkivska-gromada.gov.ua,195.248.234.252,49.2328,28.481
https://horoshihv-rada.gov.ua,195.248.234.252,49.2328,28.481
https://hoshcha-rada.gov.ua,195.248.234.252,49.2328,28.481
https://hth.gov.ua,195.248.234.252,49.2328,28.481
https://hungary.mfa.gov.ua,104.18.14.64,37.7697,-122.3933
https://iea.gov.ua,89.184.89.81,50.4333,30.5167
https://if-gromada.gov.ua,195.248.234.252,49.2328,28.481
https://imzo.gov.ua,62.149.28.83,50.45,30.5233
https://ingulska-gromada.gov.ua,195.248.234.252,49.2328,28.481
https://intranet.nas.gov.ua,194.44.29.228,50.45,30.5233
https://irshanska-gromada.gov.ua,195.248.234.252,49.2328,28.481
https://irshavaotg.gov.ua,195.248.234.252,49.2328,28.481
https://itd.rada.gov.ua,193.19.152.11,50.4333,30.5167
https://ivanovecka-gromada.gov.ua,195.248.234.252,49.2328,28.481
https://kalushcity.gov.ua,51.255.79.8,51.5,-0.13
https://kalynivska-2-gromada.gov.ua,195.248.234.252,49.2328,28.481
https://kalyta-rada.gov.ua,195.248.234.252,49.2328,28.481
https://kap.minjust.gov.ua,193.111.173.85,50.45,30.5233
https://karlivka-mrada.gov.ua,195.248.234.252,49.2328,28.481
https://kbmr.gov.ua,195.248.234.252,49.2328,28.481
https://kharkivoda.gov.ua,162.55.244.53,40.379,-74.5465
https://khust-miskrada.gov.ua,91.239.235.7,50.45,30.5233
https://kia.arbitr.gov.ua,212.90.190.139,50.45,30.5233
https://kiliyska-gromada.gov.ua,195.248.234.252,49.2328,28.481
https://kmoas.gov.ua,91.217.254.53,50.45,30.5233
https://kochubeivska-gromada.gov.ua,195.248.234.252,49.2328,28.481
https://kodyma-mr.gov.ua,195.248.234.252,49.2328,28.481
https://kolchynorada.gov.ua,193.0.61.50,50.45,30.5233
https://kolochavska-gromada.gov.ua,195.248.234.252,49.2328,28.481
https://komrada.gov.ua,195.248.234.252,49.2328,28.481
https://konoplyanska-gromada.gov.ua,195.248.234.252,49.2328,28.481
https://kord.np.gov.ua,,,
https://kornynska-gromada.gov.ua,195.248.234.252,49.2328,28.481
https://kosmacka-gromada.gov.ua,195.248.234.252,49.2328,28.481
https://krasne-rada.gov.ua,195.248.234.252,49.2328,28.481
https://krasnopil-silrada.gov.ua,195.248.234.252,49.2328,28.481
https://krasnosilska-gromada.gov.ua,195.248.234.252,49.2328,28.481
https://kte.kmda.gov.ua,,,
https://kuyalnyksr.odessa.gov.ua,193.200.212.33,50.45,30.5233
https://kyivavtodor.kyivcity.gov.ua,104.18.20.41,37.7697,-122.3933
https://kyivcity.gov.ua,104.18.21.41,37.7697,-122.3933
https://lanchynska-gromada.gov.ua,195.248.234.252,49.2328,28.481
https://liutenska-rada.gov.ua,195.248.234.252,49.2328,28.481
https://live.diia.gov.ua,195.189.240.20,50.45,30.5233
https://lokachynska-rayrada.gov.ua,195.248.234.252,49.2328,28.481
https://lopatynska-gromada.gov.ua,195.248.234.252,49.2328,28.481
https://lubarska-gromada.gov.ua,195.248.234.252,49.2328,28.481
https://lubashivska-gromada.gov.ua,195.248.234.198,49.2328,28.481
https://lubnyrada.gov.ua,31.131.28.66,33.7257,-84.4309
https://lugynska-gromada.gov.ua,195.248.234.252,49.2328,28.481
https://magd.otg.dp.gov.ua,195.64.190.77,50.45,30.5233
https://malyn-rayrada.gov.ua,,,
https://malynivska-rada.gov.ua,195.248.234.252,49.2328,28.481
https://mangush-gromada.gov.ua,195.248.234.252,49.2328,28.481
https://marad.gov.ua,91.200.41.232,50.45,30.5233
https://maryinska-gromada.gov.ua,195.248.234.252,49.2328,28.481
https://mateivetska-gromada.gov.ua,195.248.234.252,49.2328,28.481
https://mayakivska-gromada.gov.ua,195.248.234.252,49.2328,28.481
https://medenycka-gromada.gov.ua,195.248.234.252,49.2328,28.481
https://meteo.gov.ua,91.216.232.16,50.45,30.5233
https://mihaylolukasheve-rada.gov.ua,195.248.234.252,49.2328,28.481
https://mka.court.gov.ua,212.90.190.139,50.45,30.5233
https://mkip.gov.ua,172.67.204.35,38.0,-97.0
https://mostyska-gromada.gov.ua,195.248.234.252,49.2328,28.481
https://mostyska.loda.gov.ua,193.106.248.73,50.4333,30.5167
https://mrbrody.gov.ua,194.44.147.62,50.45,30.5233
https://mrd.gov.ua,185.68.16.190,50.45,30.5233
https://mukachevo-rada.gov.ua,94.131.247.61,55.75,37.6166
https://murovanska-gromada.gov.ua,195.248.234.252,49.2328,28.481
https://museum.bank.gov.ua,45.60.74.68,39.1588,-75.4941
https://myrnograd-rada.gov.ua,91.197.59.42,50.45,30.5233
https://myronivka-mrada.gov.ua,195.248.234.198,49.2328,28.481
https://myropilska-gromada.gov.ua,195.248.234.252,49.2328,28.481
https://nabu.gov.ua,193.29.204.70,50.45,30.5233
https://nads.gov.ua,195.78.68.7,50.45,30.5233
https://narodycka-gromada.gov.ua,195.248.234.252,49.2328,28.481
https://nemyriv-rda.gov.ua,,,
https://nenc.gov.ua,92.244.101.130,50.4333,30.5167
https://niss.gov.ua,195.64.225.67,50.45,30.5233
https://nmykolaivska-gromada.gov.ua,195.248.234.252,49.2328,28.481
https://novoborivska-gromada.gov.ua,195.248.234.252,49.2328,28.481
https://novokalynivska-gromada.gov.ua,195.248.234.252,49.2328,28.481
https://novotg.gov.ua,195.248.234.252,49.2328,28.481
https://novovasylivska-gromada.gov.ua,195.248.234.252,49.2328,28.481
https://nwag.court.gov.ua,212.90.190.139,50.45,30.5233
https://oblrada-pl.gov.ua,80.91.164.55,50.45,30.5233
https://oblrada.dp.gov.ua,212.3.96.121,50.45,30.5233
https://obolon.kyivcity.gov.ua,104.18.20.41,37.7697,-122.3933
https://obroshynska-gromada.gov.ua,195.248.234.252,49.2328,28.481
https://oda.court.gov.ua,212.90.190.139,50.45,30.5233
https://old.bank.gov.ua,45.60.74.68,39.1588,-75.4941
https://oleshaotg.gov.ua,195.248.234.252,49.2328,28.481
https://omr.gov.ua,81.25.237.23,50.45,30.5233
https://online.minjust.gov.ua,193.111.173.221,50.45,30.5233
https://onokivska-gromada.gov.ua,195.248.234.252,49.2328,28.481
https://opendata.dniprorada.gov.ua,46.98.251.37,50.45,30.5233
https://otyn-gromada.gov.ua,195.248.234.252,49.2328,28.481
https://ovadnivska-gromada.gov.ua,195.248.234.252,49.2328,28.481
https://palestine.mfa.gov.ua,104.18.15.64,37.7697,-122.3933
https://pasichna-tg.gov.ua,185.13.5.57,50.45,30.5233
https://pavlogradmrada.dp.gov.ua,194.33.181.56,50.45,30.5233
https://pechersk.kyivcity.gov.ua,104.18.20.41,37.7697,-122.3933
https://perehinska-gromada.gov.ua,31.41.217.90,49.2328,28.481
https://pererislyanska-gromada.gov.ua,195.248.234.252,49.2328,28.481
https://pereschepynske.otg.dp.gov.ua,195.64.190.77,50.45,30.5233
https://peru.mfa.gov.ua,104.18.14.64,37.7697,-122.3933
https://petition.kmu.gov.ua,195.78.69.40,50.45,30.5233
https://petition.president.gov.ua,193.29.204.12,50.45,30.5233
https://petrovirivska-gromada.gov.ua,195.248.234.252,49.2328,28.481
https://pidgayci-gromada.gov.ua,195.248.234.252,49.2328,28.481
https://pidgorodne.otg.dp.gov.ua,195.64.190.77,50.45,30.5233
https://pidkaminska-gromada.gov.ua,195.248.234.252,49.2328,28.481
https://pischanka-rayrada.gov.ua,195.248.234.252,49.2328,28.481
https://pnotg.gov.ua,185.41.248.61,48.86,2.35
https://pokrovsk-rada.gov.ua,176.114.6.124,50.45,30.5233
https://pokrovsk-rda.gov.ua,93.190.46.221,50.45,30.5233
https://poliska-gromada.gov.ua,195.248.234.252,49.2328,28.481
https://polyanska-gromada.gov.ua,195.248.234.198,49.2328,28.481
https://popilnyanska-gromada.gov.ua,195.248.234.252,49.2328,28.481
https://portal.ehealth.gov.ua,,,
https://potiivska-gromada.gov.ua,195.248.234.252,49.2328,28.481
https://pustomyty-gromada.gov.ua,195.248.234.252,49.2328,28.481
https://putivlska-gromada.gov.ua,195.248.234.252,49.2328,28.481
https://pyadycka-gromada.gov.ua,195.248.234.252,49.2328,28.481
https://pyatihmr.dp.gov.ua,195.64.190.77,50.45,30.5233
https://rada-peremyshlyany.gov.ua,195.234.4.61,50.45,30.5233
https://rada.gov.ua,193.19.152.74,50.4333,30.5167
https://radmr.gov.ua,195.248.234.252,49.2328,28.481
https://ralivska-gromada.gov.ua,195.248.234.252,49.2328,28.481
https://ror.gov.ua,176.124.231.37,50.45,30.5233
https://rozhnrada.gov.ua,5.9.177.94,51.0,9.0
https://rozhrada.gov.ua,194.28.172.77,49.2328,28.481
https://rudkivska-gromada.gov.ua,195.248.234.252,49.2328,28.481
https://rv.archives.gov.ua,185.128.232.229,,
https://sarnyrrada.gov.ua,172.67.223.54,38.0,-97.0
https://selidovo-rada.gov.ua,185.68.16.160,50.45,30.5233
https://semenivsca-gromada.gov.ua,195.248.234.252,49.2328,28.481
https://shchyretska-hromada.gov.ua,195.248.234.252,49.2328,28.481
https://shegynivska-gromada.gov.ua,195.248.234.252,49.2328,28.481
https://shev.kyivcity.gov.ua,104.18.20.41,37.7697,-122.3933
https://shvaykivska-gromada.gov.ua,195.248.234.252,49.2328,28.481
https://siverska-gromada.gov.ua,31.131.28.66,33.7257,-84.4309
https://skadovsk-gromada.gov.ua,195.248.234.252,49.2328,28.481
https://skole-rada.gov.ua,195.248.234.198,49.2328,28.481
https://slavska-gromada.gov.ua,195.248.234.252,49.2328,28.481
https://sobolivska-gromada.gov.ua,195.248.234.252,49.2328,28.481
https://solonkivska-gromada.gov.ua,195.248.234.252,49.2328,28.481
https://solotvino-rada.gov.ua,195.248.234.252,49.2328,28.481
https://spacecenter.gov.ua,91.239.234.18,50.45,30.5233
https://spending.gov.ua,195.190.152.100,50.45,30.5233
https://sso.court.gov.ua,212.90.190.139,50.45,30.5233
https://ssu.gov.ua,194.32.111.6,,
https://st-bogorodchany-gromada.gov.ua,195.248.234.252,49.2328,28.481
https://stadiumstart.kyivcity.gov.ua,104.18.20.41,37.7697,-122.3933
https://starokozacka-gromada.gov.ua,195.248.234.252,49.2328,28.481
https://sudovavyshnia-gromada.gov.ua,195.248.234.252,49.2328,28.481
https://sudrada.gov.ua,193.0.61.24,50.45,30.5233
https://suvotg.gov.ua,195.248.234.252,49.2328,28.481
https://svalyavska-gromada.gov.ua,195.248.234.252,49.2328,28.481
https://svesa-rada.gov.ua,195.248.234.252,49.2328,28.481
https://synevyrska-gromada.gov.ua,195.248.234.252,49.2328,28.481
https://tairovska-gromada.gov.ua,195.248.234.252,49.2328,28.481
https://te.archives.gov.ua,185.128.232.229,,
https://teresva-rada.gov.ua,195.248.234.252,49.2328,28.481
https://teterivska-gromada.gov.ua,195.248.234.252,49.2328,28.481
https://tlumacka-gromada.gov.ua,195.248.234.252,49.2328,28.481
https://tunis.mfa.gov.ua,104.18.15.64,37.7697,-122.3933
https://turka-mrada.gov.ua,195.248.234.252,49.2328,28.481
https://tyachiv-city.gov.ua,195.248.234.252,49.2328,28.481
https://udachnenska-gromada.gov.ua,195.248.234.252,49.2328,28.481
https://ushomyrska-gromada.gov.ua,195.248.234.252,49.2328,28.481
https://usr.minjust.gov.ua,193.111.173.248,50.45,30.5233
https://ust-karpat.gov.ua,195.248.234.252,49.2328,28.481
https://ustyluzka-gromada.gov.ua,195.248.234.252,49.2328,28.481
https://valky-rada.gov.ua,195.248.234.252,49.2328,28.481
https://vberez-rada.gov.ua,195.248.234.252,49.2328,28.481
https://vchorayshenska-gromada.gov.ua,195.248.234.252,49.2328,28.481
https://vdsr.gov.ua,194.28.172.77,49.2328,28.481
https://velykoberezka-rada.gov.ua,195.248.234.252,49.2328,28.481
https://velykolubinska-gromada.gov.ua,195.248.234.252,49.2328,28.481
https://verhnorogachitska-rada.gov.ua,195.248.234.252,49.2328,28.481
https://vilhuvatska-gromada.gov.ua,195.248.234.252,49.2328,28.481
https://vilnyanska-gromada.gov.ua,195.248.234.252,49.2328,28.481
https://vin-rada.gov.ua,185.68.16.170,50.45,30.5233
https://vlep-gromada.gov.ua,195.248.234.252,49.2328,28.481
https://vmgromada.gov.ua,195.248.234.252,49.2328,28.481
https://vmiskrada.gov.ua,195.248.234.252,49.2328,28.481
https://volovec-miskrada.gov.ua,195.248.234.252,49.2328,28.481
https://volycya-gromada.gov.ua,195.248.234.252,49.2328,28.481
https://volyn.archives.gov.ua,185.128.232.229,,
https://vue.gov.ua,104.21.59.27,37.7697,-122.3933
https://vylkivska-gromada.gov.ua,195.248.234.252,49.2328,28.481
https://vyshniv-rada.gov.ua,195.248.234.252,49.2328,28.481
https://vytvytska-gromada.gov.ua,195.248.234.252,49.2328,28.481
https://vyzyrska-gromada.gov.ua,195.248.234.252,49.2328,28.481
https://www.adm-baryshivka.gov.ua,,,
https://www.adm-km.gov.ua,78.152.160.14,50.45,30.5233
https://www.cherkaskarada.gov.ua,,,
https://www.chervonograd-rada.gov.ua,194.44.147.62,50.45,30.5233
https://www.drv.gov.ua,195.230.158.82,49.65,23.6667
https://www.mk-oblrada.gov.ua,217.77.208.229,50.45,30.5233
https://www.molochanskmr.gov.ua,91.239.232.37,50.45,30.5233
https://www.oblradack.gov.ua,212.82.217.124,50.45,30.5233
https://www.pfu.gov.ua,212.1.76.86,49.65,23.6667
https://www.president.gov.ua,193.29.204.11,50.45,30.5233
https://www.rada.gov.ua,193.19.152.74,50.4333,30.5167
https://www.rozvadivotg.gov.ua,194.44.147.62,50.45,30.5233
https://www.sokilnyky-rada.gov.ua,195.248.234.252,49.2328,28.481
https://www.vkksu.gov.ua,91.231.127.177,50.45,30.5233
https://www.voladm.gov.ua,80.91.180.106,50.4333,30.5167
https://yaremcha-miskrada.gov.ua,195.248.234.252,49.2328,28.481
https://yarunska-gromada.gov.ua,195.248.234.252,49.2328,28.481
https://yaskivska-gromada.gov.ua,195.248.234.252,49.2328,28.481
https://zabolotcivska-gromada.gov.ua,195.248.234.252,49.2328,28.481
https://zabolotiv-rada.gov.ua,195.248.234.252,49.2328,28.481
https://zahvizdyanska-gromada.gov.ua,195.248.234.252,49.2328,28.481
https://zakjust.gov.ua,31.41.217.93,49.2328,28.481
https://zarichansca-gromada.gov.ua,195.248.234.252,49.2328,28.481
https://zelenogirska-gromada.gov.ua,195.248.234.252,49.2328,28.481
https://zhidachiv-miskrada.gov.ua,195.248.234.252,49.2328,28.481
https://zhovtanetska-gromada.gov.ua,195.248.234.252,49.2328,28.481
https://zhuravnenska-gromada.gov.ua,195.248.234.252,49.2328,28.481
https://zp.gov.ua,80.254.6.205,50.45,30.5233
https://zpa.court.gov.ua,212.90.190.139,50.45,30.5233
https://ztjust.gov.ua,77.87.197.41,50.45,30.5233
